id,against_bug,against_dark,against_dragon,against_electric,against_fairy,against_fight,against_fire,against_flying,against_ghost,against_grass,against_ground,against_ice,against_normal,against_poison,against_psychic,against_rock,against_steel,against_water,name,type1,type2
0,1.0,1.0,1.0,0.5,0.5,0.5,2.0,2.0,1.0,0.25,1.0,2.0,1.0,1.0,2.0,1.0,1.0,0.5,Bulbasaur,grass,poison
1,1.0,1.0,1.0,0.5,0.5,0.5,2.0,2.0,1.0,0.25,1.0,2.0,1.0,1.0,2.0,1.0,1.0,0.5,Ivysaur,grass,poison
2,1.0,1.0,1.0,0.5,0.5,0.5,2.0,2.0,1.0,0.25,1.0,2.0,1.0,1.0,2.0,1.0,1.0,0.5,Venusaur,grass,poison
3,0.5,1.0,1.0,1.0,0.5,1.0,0.5,1.0,1.0,0.5,2.0,0.5,1.0,1.0,1.0,2.0,0.5,2.0,Charmander,fire,-
4,0.5,1.0,1.0,1.0,0.5,1.0,0.5,1.0,1.0,0.5,2.0,0.5,1.0,1.0,1.0,2.0,0.5,2.0,Charmeleon,fire,-
5,0.25,1.0,1.0,2.0,0.5,0.5,0.5,1.0,1.0,0.25,0.0,1.0,1.0,1.0,1.0,4.0,0.5,2.0,Charizard,fire,flying
6,1.0,1.0,1.0,2.0,1.0,1.0,0.5,1.0,1.0,2.0,1.0,0.5,1.0,1.0,1.0,1.0,0.5,0.5,Squirtle,water,-
7,1.0,1.0,1.0,2.0,1.0,1.0,0.5,1.0,1.0,2.0,1.0,0.5,1.0,1.0,1.0,1.0,0.5,0.5,Wartortle,water,-
8,1.0,1.0,1.0,2.0,1.0,1.0,0.5,1.0,1.0,2.0,1.0,0.5,1.0,1.0,1.0,1.0,0.5,0.5,Blastoise,water,-
9,1.0,1.0,1.0,1.0,1.0,0.5,2.0,2.0,1.0,0.5,0.5,1.0,1.0,1.0,1.0,2.0,1.0,1.0,Caterpie,bug,-
10,1.0,1.0,1.0,1.0,1.0,0.5,2.0,2.0,1.0,0.5,0.5,1.0,1.0,1.0,1.0,2.0,1.0,1.0,Metapod,bug,-
11,0.5,1.0,1.0,2.0,1.0,0.25,2.0,2.0,1.0,0.25,0.0,2.0,1.0,1.0,1.0,4.0,1.0,1.0,Butterfree,bug,flying
12,0.5,1.0,1.0,1.0,0.5,0.25,2.0,2.0,1.0,0.25,1.0,1.0,1.0,0.5,2.0,2.0,1.0,1.0,Weedle,bug,poison
13,0.5,1.0,1.0,1.0,0.5,0.25,2.0,2.0,1.0,0.25,1.0,1.0,1.0,0.5,2.0,2.0,1.0,1.0,Kakuna,bug,poison
14,0.5,1.0,1.0,1.0,0.5,0.25,2.0,2.0,1.0,0.25,1.0,1.0,1.0,0.5,2.0,2.0,1.0,1.0,Beedrill,bug,poison
15,0.5,1.0,1.0,2.0,1.0,1.0,1.0,1.0,0.0,0.5,0.0,2.0,1.0,1.0,1.0,2.0,1.0,1.0,Pidgey,normal,flying
16,0.5,1.0,1.0,2.0,1.0,1.0,1.0,1.0,0.0,0.5,0.0,2.0,1.0,1.0,1.0,2.0,1.0,1.0,Pidgeotto,normal,flying
17,0.5,1.0,1.0,2.0,1.0,1.0,1.0,1.0,0.0,0.5,0.0,2.0,1.0,1.0,1.0,2.0,1.0,1.0,Pidgeot,normal,flying
18,1.0,1.0,1.0,1.0,1.0,2.0,1.0,1.0,0.0,1.0,1.0,1.0,1.0,1.0,1.0,1.0,1.0,1.0,Rattata,normal,dark
19,1.0,1.0,1.0,1.0,1.0,2.0,1.0,1.0,0.0,1.0,1.0,1.0,1.0,1.0,1.0,1.0,1.0,1.0,Raticate,normal,dark
20,0.5,1.0,1.0,2.0,1.0,1.0,1.0,1.0,0.0,0.5,0.0,2.0,1.0,1.0,1.0,2.0,1.0,1.0,Spearow,normal,flying
21,0.5,1.0,1.0,2.0,1.0,1.0,1.0,1.0,0.0,0.5,0.0,2.0,1.0,1.0,1.0,2.0,1.0,1.0,Fearow,normal,flying
22,0.5,1.0,1.0,1.0,0.5,0.5,1.0,1.0,1.0,0.5,2.0,1.0,1.0,0.5,2.0,1.0,1.0,1.0,Ekans,poison,-
23,0.5,1.0,1.0,1.0,0.5,0.5,1.0,1.0,1.0,0.5,2.0,1.0,1.0,0.5,2.0,1.0,1.0,1.0,Arbok,poison,-
25,1.0,1.0,1.0,0.5,1.0,1.0,1.0,0.5,1.0,1.0,2.0,1.0,1.0,1.0,1.0,1.0,0.5,1.0,Raichu,electric,electric
26,1.0,1.0,1.0,0.0,1.0,1.0,1.0,1.0,1.0,2.0,1.0,2.0,1.0,0.5,1.0,0.5,1.0,2.0,Sandshrew,ground,ice
27,1.0,1.0,1.0,0.0,1.0,1.0,1.0,1.0,1.0,2.0,1.0,2.0,1.0,0.5,1.0,0.5,1.0,2.0,Sandslash,ground,ice
28,0.5,1.0,1.0,1.0,0.5,0.5,1.0,1.0,1.0,0.5,2.0,1.0,1.0,0.5,2.0,1.0,1.0,1.0,Nidoran♀,poison,-
29,0.5,1.0,1.0,1.0,0.5,0.5,1.0,1.0,1.0,0.5,2.0,1.0,1.0,0.5,2.0,1.0,1.0,1.0,Nidorina,poison,-
30,0.5,1.0,1.0,0.0,0.5,0.5,1.0,1.0,1.0,1.0,2.0,2.0,1.0,0.25,2.0,0.5,1.0,2.0,Nidoqueen,poison,ground
31,0.5,1.0,1.0,1.0,0.5,0.5,1.0,1.0,1.0,0.5,2.0,1.0,1.0,0.5,2.0,1.0,1.0,1.0,Nidoran♂,poison,-
32,0.5,1.0,1.0,1.0,0.5,0.5,1.0,1.0,1.0,0.5,2.0,1.0,1.0,0.5,2.0,1.0,1.0,1.0,Nidorino,poison,-
33,0.5,1.0,1.0,0.0,0.5,0.5,1.0,1.0,1.0,1.0,2.0,2.0,1.0,0.25,2.0,0.5,1.0,2.0,Nidoking,poison,ground
34,0.5,0.5,0.0,1.0,1.0,0.5,1.0,1.0,1.0,1.0,1.0,1.0,1.0,2.0,1.0,1.0,2.0,1.0,Clefairy,fairy,-
35,0.5,0.5,0.0,1.0,1.0,0.5,1.0,1.0,1.0,1.0,1.0,1.0,1.0,2.0,1.0,1.0,2.0,1.0,Clefable,fairy,-
36,0.5,1.0,1.0,1.0,0.5,1.0,0.5,1.0,1.0,0.5,2.0,0.5,1.0,1.0,1.0,2.0,0.5,2.0,Vulpix,fire,ice
37,0.5,1.0,1.0,1.0,0.5,1.0,0.5,1.0,1.0,0.5,2.0,0.5,1.0,1.0,1.0,2.0,0.5,2.0,Ninetales,fire,ice
38,0.5,0.5,0.0,1.0,1.0,1.0,1.0,1.0,0.0,1.0,1.0,1.0,1.0,2.0,1.0,1.0,2.0,1.0,Jigglypuff,normal,fairy
39,0.5,0.5,0.0,1.0,1.0,1.0,1.0,1.0,0.0,1.0,1.0,1.0,1.0,2.0,1.0,1.0,2.0,1.0,Wigglytuff,normal,fairy
40,0.25,1.0,1.0,2.0,0.5,0.25,1.0,1.0,1.0,0.25,0.0,2.0,1.0,0.5,2.0,2.0,1.0,1.0,Zubat,poison,flying
41,0.25,1.0,1.0,2.0,0.5,0.25,1.0,1.0,1.0,0.25,0.0,2.0,1.0,0.5,2.0,2.0,1.0,1.0,Golbat,poison,flying
42,1.0,1.0,1.0,0.5,0.5,0.5,2.0,2.0,1.0,0.25,1.0,2.0,1.0,1.0,2.0,1.0,1.0,0.5,Oddish,grass,poison
43,1.0,1.0,1.0,0.5,0.5,0.5,2.0,2.0,1.0,0.25,1.0,2.0,1.0,1.0,2.0,1.0,1.0,0.5,Gloom,grass,poison
44,1.0,1.0,1.0,0.5,0.5,0.5,2.0,2.0,1.0,0.25,1.0,2.0,1.0,1.0,2.0,1.0,1.0,0.5,Vileplume,grass,poison
45,2.0,1.0,1.0,0.5,1.0,0.5,4.0,4.0,1.0,0.25,0.25,2.0,1.0,2.0,1.0,2.0,1.0,0.5,Paras,bug,grass
46,2.0,1.0,1.0,0.5,1.0,0.5,4.0,4.0,1.0,0.25,0.25,2.0,1.0,2.0,1.0,2.0,1.0,0.5,Parasect,bug,grass
47,0.5,1.0,1.0,1.0,0.5,0.25,2.0,2.0,1.0,0.25,1.0,1.0,1.0,0.5,2.0,2.0,1.0,1.0,Venonat,bug,poison
48,0.5,1.0,1.0,1.0,0.5,0.25,2.0,2.0,1.0,0.25,1.0,1.0,1.0,0.5,2.0,2.0,1.0,1.0,Venomoth,bug,poison
49,1.0,1.0,1.0,0.0,1.0,1.0,1.0,1.0,1.0,2.0,1.0,2.0,1.0,0.5,1.0,0.5,1.0,2.0,Diglett,ground,ground
50,1.0,1.0,1.0,0.0,1.0,1.0,1.0,1.0,1.0,2.0,1.0,2.0,1.0,0.5,1.0,0.5,1.0,2.0,Dugtrio,ground,ground
51,1.0,1.0,1.0,1.0,1.0,2.0,1.0,1.0,0.0,1.0,1.0,1.0,1.0,1.0,1.0,1.0,1.0,1.0,Meowth,normal,dark
52,1.0,1.0,1.0,1.0,1.0,2.0,1.0,1.0,0.0,1.0,1.0,1.0,1.0,1.0,1.0,1.0,1.0,1.0,Persian,normal,dark
53,1.0,1.0,1.0,2.0,1.0,1.0,0.5,1.0,1.0,2.0,1.0,0.5,1.0,1.0,1.0,1.0,0.5,0.5,Psyduck,water,-
54,1.0,1.0,1.0,2.0,1.0,1.0,0.5,1.0,1.0,2.0,1.0,0.5,1.0,1.0,1.0,1.0,0.5,0.5,Golduck,water,-
55,0.5,0.5,1.0,1.0,2.0,1.0,1.0,2.0,1.0,1.0,1.0,1.0,1.0,1.0,2.0,0.5,1.0,1.0,Mankey,fighting,-
56,0.5,0.5,1.0,1.0,2.0,1.0,1.0,2.0,1.0,1.0,1.0,1.0,1.0,1.0,2.0,0.5,1.0,1.0,Primeape,fighting,-
57,0.5,1.0,1.0,1.0,0.5,1.0,0.5,1.0,1.0,0.5,2.0,0.5,1.0,1.0,1.0,2.0,0.5,2.0,Growlithe,fire,-
58,0.5,1.0,1.0,1.0,0.5,1.0,0.5,1.0,1.0,0.5,2.0,0.5,1.0,1.0,1.0,2.0,0.5,2.0,Arcanine,fire,-
59,1.0,1.0,1.0,2.0,1.0,1.0,0.5,1.0,1.0,2.0,1.0,0.5,1.0,1.0,1.0,1.0,0.5,0.5,Poliwag,water,-
60,1.0,1.0,1.0,2.0,1.0,1.0,0.5,1.0,1.0,2.0,1.0,0.5,1.0,1.0,1.0,1.0,0.5,0.5,Poliwhirl,water,-
61,0.5,0.5,1.0,2.0,2.0,1.0,0.5,2.0,1.0,2.0,1.0,0.5,1.0,1.0,2.0,0.5,0.5,0.5,Poliwrath,water,fighting
62,2.0,2.0,1.0,1.0,1.0,0.5,1.0,1.0,2.0,1.0,1.0,1.0,1.0,1.0,0.5,1.0,1.0,1.0,Abra,psychic,-
63,2.0,2.0,1.0,1.0,1.0,0.5,1.0,1.0,2.0,1.0,1.0,1.0,1.0,1.0,0.5,1.0,1.0,1.0,Kadabra,psychic,-
64,2.0,2.0,1.0,1.0,1.0,0.5,1.0,1.0,2.0,1.0,1.0,1.0,1.0,1.0,0.5,1.0,1.0,1.0,Alakazam,psychic,-
65,0.5,0.5,1.0,1.0,2.0,1.0,1.0,2.0,1.0,1.0,1.0,1.0,1.0,1.0,2.0,0.5,1.0,1.0,Machop,fighting,-
66,0.5,0.5,1.0,1.0,2.0,1.0,1.0,2.0,1.0,1.0,1.0,1.0,1.0,1.0,2.0,0.5,1.0,1.0,Machoke,fighting,-
67,0.5,0.5,1.0,1.0,2.0,1.0,1.0,2.0,1.0,1.0,1.0,1.0,1.0,1.0,2.0,0.5,1.0,1.0,Machamp,fighting,-
68,1.0,1.0,1.0,0.5,0.5,0.5,2.0,2.0,1.0,0.25,1.0,2.0,1.0,1.0,2.0,1.0,1.0,0.5,Bellsprout,grass,poison
69,1.0,1.0,1.0,0.5,0.5,0.5,2.0,2.0,1.0,0.25,1.0,2.0,1.0,1.0,2.0,1.0,1.0,0.5,Weepinbell,grass,poison
70,1.0,1.0,1.0,0.5,0.5,0.5,2.0,2.0,1.0,0.25,1.0,2.0,1.0,1.0,2.0,1.0,1.0,0.5,Victreebel,grass,poison
71,0.5,1.0,1.0,2.0,0.5,0.5,0.5,1.0,1.0,1.0,2.0,0.5,1.0,0.5,2.0,1.0,0.5,0.5,Tentacool,water,poison
72,0.5,1.0,1.0,2.0,0.5,0.5,0.5,1.0,1.0,1.0,2.0,0.5,1.0,0.5,2.0,1.0,0.5,0.5,Tentacruel,water,poison
73,1.0,1.0,1.0,0.0,1.0,2.0,0.5,0.5,1.0,4.0,2.0,2.0,0.5,0.25,1.0,0.5,2.0,4.0,Geodude,rock,ground
74,1.0,1.0,1.0,0.0,1.0,2.0,0.5,0.5,1.0,4.0,2.0,2.0,0.5,0.25,1.0,0.5,2.0,4.0,Graveler,rock,ground
75,1.0,1.0,1.0,0.0,1.0,2.0,0.5,0.5,1.0,4.0,2.0,2.0,0.5,0.25,1.0,0.5,2.0,4.0,Golem,rock,ground
76,0.5,1.0,1.0,1.0,0.5,1.0,0.5,1.0,1.0,0.5,2.0,0.5,1.0,1.0,1.0,2.0,0.5,2.0,Ponyta,fire,-
77,0.5,1.0,1.0,1.0,0.5,1.0,0.5,1.0,1.0,0.5,2.0,0.5,1.0,1.0,1.0,2.0,0.5,2.0,Rapidash,fire,-
78,2.0,2.0,1.0,2.0,1.0,0.5,0.5,1.0,2.0,2.0,1.0,0.5,1.0,1.0,0.5,1.0,0.5,0.5,Slowpoke,water,psychic
80,0.5,1.0,0.5,0.5,0.5,2.0,2.0,0.25,1.0,0.5,4.0,0.5,0.5,0.0,0.5,0.5,0.25,1.0,Magnemite,electric,steel
81,0.5,1.0,0.5,0.5,0.5,2.0,2.0,0.25,1.0,0.5,4.0,0.5,0.5,0.0,0.5,0.5,0.25,1.0,Magneton,electric,steel
82,0.5,1.0,1.0,2.0,1.0,1.0,1.0,1.0,0.0,0.5,0.0,2.0,1.0,1.0,1.0,2.0,1.0,1.0,Farfetch'd,normal,flying
83,0.5,1.0,1.0,2.0,1.0,1.0,1.0,1.0,0.0,0.5,0.0,2.0,1.0,1.0,1.0,2.0,1.0,1.0,Doduo,normal,flying
84,0.5,1.0,1.0,2.0,1.0,1.0,1.0,1.0,0.0,0.5,0.0,2.0,1.0,1.0,1.0,2.0,1.0,1.0,Dodrio,normal,flying
85,1.0,1.0,1.0,2.0,1.0,1.0,0.5,1.0,1.0,2.0,1.0,0.5,1.0,1.0,1.0,1.0,0.5,0.5,Seel,water,-
86,1.0,1.0,1.0,2.0,1.0,2.0,1.0,1.0,1.0,2.0,1.0,0.25,1.0,1.0,1.0,2.0,1.0,0.5,Dewgong,water,ice
87,0.5,1.0,1.0,1.0,0.5,0.5,1.0,1.0,1.0,0.5,2.0,1.0,1.0,0.5,2.0,1.0,1.0,1.0,Grimer,poison,poison
88,0.5,1.0,1.0,1.0,0.5,0.5,1.0,1.0,1.0,0.5,2.0,1.0,1.0,0.5,2.0,1.0,1.0,1.0,Muk,poison,poison
89,1.0,1.0,1.0,2.0,1.0,1.0,0.5,1.0,1.0,2.0,1.0,0.5,1.0,1.0,1.0,1.0,0.5,0.5,Shellder,water,-
90,1.0,1.0,1.0,2.0,1.0,2.0,1.0,1.0,1.0,2.0,1.0,0.25,1.0,1.0,1.0,2.0,1.0,0.5,Cloyster,water,ice
91,0.25,2.0,1.0,1.0,0.5,0.0,1.0,1.0,2.0,0.5,2.0,1.0,0.0,0.25,2.0,1.0,1.0,1.0,Gastly,ghost,poison
92,0.25,2.0,1.0,1.0,0.5,0.0,1.0,1.0,2.0,0.5,2.0,1.0,0.0,0.25,2.0,1.0,1.0,1.0,Haunter,ghost,poison
93,0.25,2.0,1.0,1.0,0.5,0.0,1.0,1.0,2.0,0.5,2.0,1.0,0.0,0.25,2.0,1.0,1.0,1.0,Gengar,ghost,poison
94,1.0,1.0,1.0,0.0,1.0,2.0,0.5,0.5,1.0,4.0,2.0,2.0,0.5,0.25,1.0,0.5,2.0,4.0,Onix,rock,ground
95,2.0,2.0,1.0,1.0,1.0,0.5,1.0,1.0,2.0,1.0,1.0,1.0,1.0,1.0,0.5,1.0,1.0,1.0,Drowzee,psychic,-
96,2.0,2.0,1.0,1.0,1.0,0.5,1.0,1.0,2.0,1.0,1.0,1.0,1.0,1.0,0.5,1.0,1.0,1.0,Hypno,psychic,-
97,1.0,1.0,1.0,2.0,1.0,1.0,0.5,1.0,1.0,2.0,1.0,0.5,1.0,1.0,1.0,1.0,0.5,0.5,Krabby,water,-
98,1.0,1.0,1.0,2.0,1.0,1.0,0.5,1.0,1.0,2.0,1.0,0.5,1.0,1.0,1.0,1.0,0.5,0.5,Kingler,water,-
99,1.0,1.0,1.0,0.5,1.0,1.0,1.0,0.5,1.0,1.0,2.0,1.0,1.0,1.0,1.0,1.0,0.5,1.0,Voltorb,electric,-
100,1.0,1.0,1.0,0.5,1.0,1.0,1.0,0.5,1.0,1.0,2.0,1.0,1.0,1.0,1.0,1.0,0.5,1.0,Electrode,electric,-
101,4.0,2.0,1.0,0.5,1.0,0.5,2.0,2.0,2.0,0.5,0.5,2.0,1.0,2.0,0.5,1.0,1.0,0.5,Exeggcute,grass,psychic
102,4.0,2.0,1.0,0.5,1.0,0.5,2.0,2.0,2.0,0.5,0.5,2.0,1.0,2.0,0.5,1.0,1.0,0.5,Exeggutor,grass,psychic
103,1.0,1.0,1.0,0.0,1.0,1.0,1.0,1.0,1.0,2.0,1.0,2.0,1.0,0.5,1.0,0.5,1.0,2.0,Cubone,ground,-
104,1.0,1.0,1.0,0.0,1.0,1.0,1.0,1.0,1.0,2.0,1.0,2.0,1.0,0.5,1.0,0.5,1.0,2.0,Marowak,ground,fire
105,0.5,0.5,1.0,1.0,2.0,1.0,1.0,2.0,1.0,1.0,1.0,1.0,1.0,1.0,2.0,0.5,1.0,1.0,Hitmonlee,fighting,-
106,0.5,0.5,1.0,1.0,2.0,1.0,1.0,2.0,1.0,1.0,1.0,1.0,1.0,1.0,2.0,0.5,1.0,1.0,Hitmonchan,fighting,-
107,1.0,1.0,1.0,1.0,1.0,2.0,1.0,1.0,0.0,1.0,1.0,1.0,1.0,1.0,1.0,1.0,1.0,1.0,Lickitung,normal,-
108,0.5,1.0,1.0,1.0,0.5,0.5,1.0,1.0,1.0,0.5,2.0,1.0,1.0,0.5,2.0,1.0,1.0,1.0,Koffing,poison,-
109,0.5,1.0,1.0,1.0,0.5,0.5,1.0,1.0,1.0,0.5,2.0,1.0,1.0,0.5,2.0,1.0,1.0,1.0,Weezing,poison,-
110,1.0,1.0,1.0,0.0,1.0,2.0,0.5,0.5,1.0,4.0,2.0,2.0,0.5,0.25,1.0,0.5,2.0,4.0,Rhyhorn,ground,rock
111,1.0,1.0,1.0,0.0,1.0,2.0,0.5,0.5,1.0,4.0,2.0,2.0,0.5,0.25,1.0,0.5,2.0,4.0,Rhydon,ground,rock
112,1.0,1.0,1.0,1.0,1.0,2.0,1.0,1.0,0.0,1.0,1.0,1.0,1.0,1.0,1.0,1.0,1.0,1.0,Chansey,normal,-
113,2.0,1.0,1.0,0.5,1.0,1.0,2.0,2.0,1.0,0.5,0.5,2.0,1.0,2.0,1.0,1.0,1.0,0.5,Tangela,grass,-
114,1.0,1.0,1.0,1.0,1.0,2.0,1.0,1.0,0.0,1.0,1.0,1.0,1.0,1.0,1.0,1.0,1.0,1.0,Kangaskhan,normal,-
115,1.0,1.0,1.0,2.0,1.0,1.0,0.5,1.0,1.0,2.0,1.0,0.5,1.0,1.0,1.0,1.0,0.5,0.5,Horsea,water,-
116,1.0,1.0,1.0,2.0,1.0,1.0,0.5,1.0,1.0,2.0,1.0,0.5,1.0,1.0,1.0,1.0,0.5,0.5,Seadra,water,-
117,1.0,1.0,1.0,2.0,1.0,1.0,0.5,1.0,1.0,2.0,1.0,0.5,1.0,1.0,1.0,1.0,0.5,0.5,Goldeen,water,-
118,1.0,1.0,1.0,2.0,1.0,1.0,0.5,1.0,1.0,2.0,1.0,0.5,1.0,1.0,1.0,1.0,0.5,0.5,Seaking,water,-
119,1.0,1.0,1.0,2.0,1.0,1.0,0.5,1.0,1.0,2.0,1.0,0.5,1.0,1.0,1.0,1.0,0.5,0.5,Staryu,water,-
120,2.0,2.0,1.0,2.0,1.0,0.5,0.5,1.0,2.0,2.0,1.0,0.5,1.0,1.0,0.5,1.0,0.5,0.5,Starmie,water,psychic
121,1.0,1.0,0.0,1.0,1.0,0.25,1.0,1.0,2.0,1.0,1.0,1.0,1.0,2.0,0.5,1.0,2.0,1.0,Mr. Mime,psychic,fairy
122,0.5,1.0,1.0,2.0,1.0,0.25,2.0,2.0,1.0,0.25,0.0,2.0,1.0,1.0,1.0,4.0,1.0,1.0,Scyther,bug,flying
123,2.0,2.0,1.0,1.0,1.0,1.0,2.0,1.0,2.0,1.0,1.0,0.5,1.0,1.0,0.5,2.0,2.0,1.0,Jynx,ice,psychic
124,1.0,1.0,1.0,0.5,1.0,1.0,1.0,0.5,1.0,1.0,2.0,1.0,1.0,1.0,1.0,1.0,0.5,1.0,Electabuzz,electric,-
125,0.5,1.0,1.0,1.0,0.5,1.0,0.5,1.0,1.0,0.5,2.0,0.5,1.0,1.0,1.0,2.0,0.5,2.0,Magmar,fire,-
126,1.0,1.0,1.0,1.0,1.0,0.5,2.0,2.0,1.0,0.5,0.5,1.0,1.0,1.0,1.0,2.0,1.0,1.0,Pinsir,bug,-
127,1.0,1.0,1.0,1.0,1.0,2.0,1.0,1.0,0.0,1.0,1.0,1.0,1.0,1.0,1.0,1.0,1.0,1.0,Tauros,normal,-
128,1.0,1.0,1.0,2.0,1.0,1.0,0.5,1.0,1.0,2.0,1.0,0.5,1.0,1.0,1.0,1.0,0.5,0.5,Magikarp,water,-
129,0.5,1.0,1.0,4.0,1.0,0.5,0.5,1.0,1.0,1.0,0.0,1.0,1.0,1.0,1.0,2.0,0.5,0.5,Gyarados,water,flying
130,1.0,1.0,1.0,2.0,1.0,2.0,1.0,1.0,1.0,2.0,1.0,0.25,1.0,1.0,1.0,2.0,1.0,0.5,Lapras,water,ice
131,1.0,1.0,1.0,1.0,1.0,2.0,1.0,1.0,0.0,1.0,1.0,1.0,1.0,1.0,1.0,1.0,1.0,1.0,Ditto,normal,-
132,1.0,1.0,1.0,1.0,1.0,2.0,1.0,1.0,0.0,1.0,1.0,1.0,1.0,1.0,1.0,1.0,1.0,1.0,Eevee,normal,-
133,1.0,1.0,1.0,2.0,1.0,1.0,0.5,1.0,1.0,2.0,1.0,0.5,1.0,1.0,1.0,1.0,0.5,0.5,Vaporeon,water,-
134,1.0,1.0,1.0,0.5,1.0,1.0,1.0,0.5,1.0,1.0,2.0,1.0,1.0,1.0,1.0,1.0,0.5,1.0,Jolteon,electric,-
135,0.5,1.0,1.0,1.0,0.5,1.0,0.5,1.0,1.0,0.5,2.0,0.5,1.0,1.0,1.0,2.0,0.5,2.0,Flareon,fire,-
136,1.0,1.0,1.0,1.0,1.0,2.0,1.0,1.0,0.0,1.0,1.0,1.0,1.0,1.0,1.0,1.0,1.0,1.0,Porygon,normal,-
137,1.0,1.0,1.0,2.0,1.0,2.0,0.25,0.5,1.0,4.0,2.0,0.5,0.5,0.5,1.0,1.0,1.0,1.0,Omanyte,rock,water
138,1.0,1.0,1.0,2.0,1.0,2.0,0.25,0.5,1.0,4.0,2.0,0.5,0.5,0.5,1.0,1.0,1.0,1.0,Omastar,rock,water
139,1.0,1.0,1.0,2.0,1.0,2.0,0.25,0.5,1.0,4.0,2.0,0.5,0.5,0.5,1.0,1.0,1.0,1.0,Kabuto,rock,water
140,1.0,1.0,1.0,2.0,1.0,2.0,0.25,0.5,1.0,4.0,2.0,0.5,0.5,0.5,1.0,1.0,1.0,1.0,Kabutops,rock,water
141,0.5,1.0,1.0,2.0,1.0,1.0,0.5,0.5,1.0,1.0,0.0,2.0,0.5,0.5,1.0,2.0,2.0,2.0,Aerodactyl,rock,flying
142,1.0,1.0,1.0,1.0,1.0,2.0,1.0,1.0,0.0,1.0,1.0,1.0,1.0,1.0,1.0,1.0,1.0,1.0,Snorlax,normal,-
144,0.5,1.0,1.0,1.0,1.0,0.5,1.0,0.5,1.0,0.5,0.0,2.0,1.0,1.0,1.0,2.0,0.5,1.0,Zapdos,electric,flying
146,1.0,1.0,2.0,0.5,2.0,1.0,0.5,1.0,1.0,0.5,1.0,2.0,1.0,1.0,1.0,1.0,1.0,0.5,Dratini,dragon,-
147,1.0,1.0,2.0,0.5,2.0,1.0,0.5,1.0,1.0,0.5,1.0,2.0,1.0,1.0,1.0,1.0,1.0,0.5,Dragonair,dragon,-
148,0.5,1.0,2.0,1.0,2.0,0.5,0.5,1.0,1.0,0.25,0.0,4.0,1.0,1.0,1.0,2.0,1.0,0.5,Dragonite,dragon,flying
149,2.0,2.0,1.0,1.0,1.0,0.5,1.0,1.0,2.0,1.0,1.0,1.0,1.0,1.0,0.5,1.0,1.0,1.0,Mewtwo,psychic,-
150,2.0,2.0,1.0,1.0,1.0,0.5,1.0,1.0,2.0,1.0,1.0,1.0,1.0,1.0,0.5,1.0,1.0,1.0,Mew,psychic,-
151,2.0,1.0,1.0,0.5,1.0,1.0,2.0,2.0,1.0,0.5,0.5,2.0,1.0,2.0,1.0,1.0,1.0,0.5,Chikorita,grass,-
152,2.0,1.0,1.0,0.5,1.0,1.0,2.0,2.0,1.0,0.5,0.5,2.0,1.0,2.0,1.0,1.0,1.0,0.5,Bayleef,grass,-
153,2.0,1.0,1.0,0.5,1.0,1.0,2.0,2.0,1.0,0.5,0.5,2.0,1.0,2.0,1.0,1.0,1.0,0.5,Meganium,grass,-
154,0.5,1.0,1.0,1.0,0.5,1.0,0.5,1.0,1.0,0.5,2.0,0.5,1.0,1.0,1.0,2.0,0.5,2.0,Cyndaquil,fire,-
155,0.5,1.0,1.0,1.0,0.5,1.0,0.5,1.0,1.0,0.5,2.0,0.5,1.0,1.0,1.0,2.0,0.5,2.0,Quilava,fire,-
156,0.5,1.0,1.0,1.0,0.5,1.0,0.5,1.0,1.0,0.5,2.0,0.5,1.0,1.0,1.0,2.0,0.5,2.0,Typhlosion,fire,-
157,1.0,1.0,1.0,2.0,1.0,1.0,0.5,1.0,1.0,2.0,1.0,0.5,1.0,1.0,1.0,1.0,0.5,0.5,Totodile,water,-
158,1.0,1.0,1.0,2.0,1.0,1.0,0.5,1.0,1.0,2.0,1.0,0.5,1.0,1.0,1.0,1.0,0.5,0.5,Croconaw,water,-
159,1.0,1.0,1.0,2.0,1.0,1.0,0.5,1.0,1.0,2.0,1.0,0.5,1.0,1.0,1.0,1.0,0.5,0.5,Feraligatr,water,-
160,1.0,1.0,1.0,1.0,1.0,2.0,1.0,1.0,0.0,1.0,1.0,1.0,1.0,1.0,1.0,1.0,1.0,1.0,Sentret,normal,-
161,1.0,1.0,1.0,1.0,1.0,2.0,1.0,1.0,0.0,1.0,1.0,1.0,1.0,1.0,1.0,1.0,1.0,1.0,Furret,normal,-
162,0.5,1.0,1.0,2.0,1.0,1.0,1.0,1.0,0.0,0.5,0.0,2.0,1.0,1.0,1.0,2.0,1.0,1.0,Hoothoot,normal,flying
163,0.5,1.0,1.0,2.0,1.0,1.0,1.0,1.0,0.0,0.5,0.0,2.0,1.0,1.0,1.0,2.0,1.0,1.0,Noctowl,normal,flying
164,0.5,1.0,1.0,2.0,1.0,0.25,2.0,2.0,1.0,0.25,0.0,2.0,1.0,1.0,1.0,4.0,1.0,1.0,Ledyba,bug,flying
165,0.5,1.0,1.0,2.0,1.0,0.25,2.0,2.0,1.0,0.25,0.0,2.0,1.0,1.0,1.0,4.0,1.0,1.0,Ledian,bug,flying
166,0.5,1.0,1.0,1.0,0.5,0.25,2.0,2.0,1.0,0.25,1.0,1.0,1.0,0.5,2.0,2.0,1.0,1.0,Spinarak,bug,poison
167,0.5,1.0,1.0,1.0,0.5,0.25,2.0,2.0,1.0,0.25,1.0,1.0,1.0,0.5,2.0,2.0,1.0,1.0,Ariados,bug,poison
168,0.25,1.0,1.0,2.0,0.5,0.25,1.0,1.0,1.0,0.25,0.0,2.0,1.0,0.5,2.0,2.0,1.0,1.0,Crobat,poison,flying
169,1.0,1.0,1.0,1.0,1.0,1.0,0.5,0.5,1.0,2.0,2.0,0.5,1.0,1.0,1.0,1.0,0.25,0.5,Chinchou,water,electric
170,1.0,1.0,1.0,1.0,1.0,1.0,0.5,0.5,1.0,2.0,2.0,0.5,1.0,1.0,1.0,1.0,0.25,0.5,Lanturn,water,electric
171,1.0,1.0,1.0,0.5,1.0,1.0,1.0,0.5,1.0,1.0,2.0,1.0,1.0,1.0,1.0,1.0,0.5,1.0,Pichu,electric,-
172,0.5,0.5,0.0,1.0,1.0,0.5,1.0,1.0,1.0,1.0,1.0,1.0,1.0,2.0,1.0,1.0,2.0,1.0,Cleffa,fairy,-
173,0.5,0.5,0.0,1.0,1.0,1.0,1.0,1.0,0.0,1.0,1.0,1.0,1.0,2.0,1.0,1.0,2.0,1.0,Igglybuff,normal,fairy
174,0.5,0.5,0.0,1.0,1.0,0.5,1.0,1.0,1.0,1.0,1.0,1.0,1.0,2.0,1.0,1.0,2.0,1.0,Togepi,fairy,-
175,0.25,0.5,0.0,2.0,1.0,0.25,1.0,1.0,1.0,0.5,0.0,2.0,1.0,2.0,1.0,2.0,2.0,1.0,Togetic,fairy,flying
176,1.0,2.0,1.0,2.0,1.0,0.25,1.0,1.0,2.0,0.5,0.0,2.0,1.0,1.0,0.5,2.0,1.0,1.0,Natu,psychic,flying
177,1.0,2.0,1.0,2.0,1.0,0.25,1.0,1.0,2.0,0.5,0.0,2.0,1.0,1.0,0.5,2.0,1.0,1.0,Xatu,psychic,flying
178,1.0,1.0,1.0,0.5,1.0,1.0,1.0,0.5,1.0,1.0,2.0,1.0,1.0,1.0,1.0,1.0,0.5,1.0,Mareep,electric,-
179,1.0,1.0,1.0,0.5,1.0,1.0,1.0,0.5,1.0,1.0,2.0,1.0,1.0,1.0,1.0,1.0,0.5,1.0,Flaaffy,electric,-
180,1.0,1.0,1.0,0.5,1.0,1.0,1.0,0.5,1.0,1.0,2.0,1.0,1.0,1.0,1.0,1.0,0.5,1.0,Ampharos,electric,-
181,2.0,1.0,1.0,0.5,1.0,1.0,2.0,2.0,1.0,0.5,0.5,2.0,1.0,2.0,1.0,1.0,1.0,0.5,Bellossom,grass,-
182,0.5,0.5,0.0,2.0,1.0,0.5,0.5,1.0,1.0,2.0,1.0,0.5,1.0,2.0,1.0,1.0,1.0,0.5,Marill,water,fairy
183,0.5,0.5,0.0,2.0,1.0,0.5,0.5,1.0,1.0,2.0,1.0,0.5,1.0,2.0,1.0,1.0,1.0,0.5,Azumarill,water,fairy
184,1.0,1.0,1.0,1.0,1.0,2.0,0.5,0.5,1.0,2.0,2.0,1.0,0.5,0.5,1.0,1.0,2.0,2.0,Sudowoodo,rock,-
185,1.0,1.0,1.0,2.0,1.0,1.0,0.5,1.0,1.0,2.0,1.0,0.5,1.0,1.0,1.0,1.0,0.5,0.5,Politoed,water,-
186,1.0,1.0,1.0,1.0,1.0,0.5,2.0,2.0,1.0,0.25,0.0,4.0,1.0,2.0,1.0,2.0,1.0,0.5,Hoppip,grass,flying
187,1.0,1.0,1.0,1.0,1.0,0.5,2.0,2.0,1.0,0.25,0.0,4.0,1.0,2.0,1.0,2.0,1.0,0.5,Skiploom,grass,flying
188,1.0,1.0,1.0,1.0,1.0,0.5,2.0,2.0,1.0,0.25,0.0,4.0,1.0,2.0,1.0,2.0,1.0,0.5,Jumpluff,grass,flying
189,1.0,1.0,1.0,1.0,1.0,2.0,1.0,1.0,0.0,1.0,1.0,1.0,1.0,1.0,1.0,1.0,1.0,1.0,Aipom,normal,-
190,2.0,1.0,1.0,0.5,1.0,1.0,2.0,2.0,1.0,0.5,0.5,2.0,1.0,2.0,1.0,1.0,1.0,0.5,Sunkern,grass,-
191,2.0,1.0,1.0,0.5,1.0,1.0,2.0,2.0,1.0,0.5,0.5,2.0,1.0,2.0,1.0,1.0,1.0,0.5,Sunflora,grass,-
192,0.5,1.0,1.0,2.0,1.0,0.25,2.0,2.0,1.0,0.25,0.0,2.0,1.0,1.0,1.0,4.0,1.0,1.0,Yanma,bug,flying
193,1.0,1.0,1.0,0.0,1.0,1.0,0.5,1.0,1.0,4.0,1.0,1.0,1.0,0.5,1.0,0.5,0.5,1.0,Wooper,water,ground
194,1.0,1.0,1.0,0.0,1.0,1.0,0.5,1.0,1.0,4.0,1.0,1.0,1.0,0.5,1.0,0.5,0.5,1.0,Quagsire,water,ground
195,2.0,2.0,1.0,1.0,1.0,0.5,1.0,1.0,2.0,1.0,1.0,1.0,1.0,1.0,0.5,1.0,1.0,1.0,Espeon,psychic,-
196,2.0,0.5,1.0,1.0,2.0,2.0,1.0,1.0,0.5,1.0,1.0,1.0,1.0,1.0,0.0,1.0,1.0,1.0,Umbreon,dark,-
197,1.0,0.5,1.0,2.0,2.0,1.0,1.0,1.0,0.5,0.5,0.0,2.0,1.0,1.0,0.0,2.0,1.0,1.0,Murkrow,dark,flying
198,2.0,2.0,1.0,2.0,1.0,0.5,0.5,1.0,2.0,2.0,1.0,0.5,1.0,1.0,0.5,1.0,0.5,0.5,Slowking,water,psychic
199,0.5,2.0,1.0,1.0,1.0,0.0,1.0,1.0,2.0,1.0,1.0,1.0,0.0,0.5,1.0,1.0,1.0,1.0,Misdreavus,ghost,-
200,2.0,2.0,1.0,1.0,1.0,0.5,1.0,1.0,2.0,1.0,1.0,1.0,1.0,1.0,0.5,1.0,1.0,1.0,Unown,psychic,-
201,2.0,2.0,1.0,1.0,1.0,0.5,1.0,1.0,2.0,1.0,1.0,1.0,1.0,1.0,0.5,1.0,1.0,1.0,Wobbuffet,psychic,-
202,2.0,2.0,1.0,1.0,1.0,1.0,1.0,1.0,0.0,1.0,1.0,1.0,1.0,1.0,0.5,1.0,1.0,1.0,Girafarig,normal,psychic
203,1.0,1.0,1.0,1.0,1.0,0.5,2.0,2.0,1.0,0.5,0.5,1.0,1.0,1.0,1.0,2.0,1.0,1.0,Pineco,bug,-
204,0.5,1.0,0.5,1.0,0.5,1.0,4.0,1.0,1.0,0.25,1.0,0.5,0.5,0.0,0.5,1.0,0.5,1.0,Forretress,bug,steel
205,1.0,1.0,1.0,1.0,1.0,2.0,1.0,1.0,0.0,1.0,1.0,1.0,1.0,1.0,1.0,1.0,1.0,1.0,Dunsparce,normal,-
206,0.5,1.0,1.0,0.0,1.0,0.5,1.0,1.0,1.0,1.0,0.0,4.0,1.0,0.5,1.0,1.0,1.0,2.0,Gligar,ground,flying
207,0.5,1.0,0.5,0.0,0.5,2.0,2.0,0.5,1.0,1.0,2.0,1.0,0.5,0.0,0.5,0.25,0.5,2.0,Steelix,steel,ground
208,0.5,0.5,0.0,1.0,1.0,0.5,1.0,1.0,1.0,1.0,1.0,1.0,1.0,2.0,1.0,1.0,2.0,1.0,Snubbull,fairy,-
209,0.5,0.5,0.0,1.0,1.0,0.5,1.0,1.0,1.0,1.0,1.0,1.0,1.0,2.0,1.0,1.0,2.0,1.0,Granbull,fairy,-
210,0.5,1.0,1.0,2.0,0.5,0.5,0.5,1.0,1.0,1.0,2.0,0.5,1.0,0.5,2.0,1.0,0.5,0.5,Qwilfish,water,poison
211,0.5,1.0,0.5,1.0,0.5,1.0,4.0,1.0,1.0,0.25,1.0,0.5,0.5,0.0,0.5,1.0,0.5,1.0,Scizor,bug,steel
212,1.0,1.0,1.0,1.0,1.0,1.0,1.0,1.0,1.0,1.0,1.0,1.0,0.5,0.5,1.0,2.0,2.0,2.0,Shuckle,bug,rock
213,0.5,0.5,1.0,1.0,2.0,0.5,2.0,4.0,1.0,0.5,0.5,1.0,1.0,1.0,2.0,1.0,1.0,1.0,Heracross,bug,fighting
214,2.0,0.5,1.0,1.0,2.0,4.0,2.0,1.0,0.5,1.0,1.0,0.5,1.0,1.0,0.0,2.0,2.0,1.0,Sneasel,dark,ice
215,1.0,1.0,1.0,1.0,1.0,2.0,1.0,1.0,0.0,1.0,1.0,1.0,1.0,1.0,1.0,1.0,1.0,1.0,Teddiursa,normal,-
216,1.0,1.0,1.0,1.0,1.0,2.0,1.0,1.0,0.0,1.0,1.0,1.0,1.0,1.0,1.0,1.0,1.0,1.0,Ursaring,normal,-
217,0.5,1.0,1.0,1.0,0.5,1.0,0.5,1.0,1.0,0.5,2.0,0.5,1.0,1.0,1.0,2.0,0.5,2.0,Slugma,fire,-
218,0.5,1.0,1.0,1.0,0.5,2.0,0.25,0.5,1.0,1.0,4.0,0.5,0.5,0.5,1.0,2.0,1.0,4.0,Magcargo,fire,rock
219,1.0,1.0,1.0,0.0,1.0,2.0,2.0,1.0,1.0,2.0,1.0,1.0,1.0,0.5,1.0,1.0,2.0,2.0,Swinub,ice,ground
220,1.0,1.0,1.0,0.0,1.0,2.0,2.0,1.0,1.0,2.0,1.0,1.0,1.0,0.5,1.0,1.0,2.0,2.0,Piloswine,ice,ground
221,1.0,1.0,1.0,2.0,1.0,2.0,0.25,0.5,1.0,4.0,2.0,0.5,0.5,0.5,1.0,1.0,1.0,1.0,Corsola,water,rock
222,1.0,1.0,1.0,2.0,1.0,1.0,0.5,1.0,1.0,2.0,1.0,0.5,1.0,1.0,1.0,1.0,0.5,0.5,Remoraid,water,-
223,1.0,1.0,1.0,2.0,1.0,1.0,0.5,1.0,1.0,2.0,1.0,0.5,1.0,1.0,1.0,1.0,0.5,0.5,Octillery,water,-
224,0.5,1.0,1.0,2.0,1.0,1.0,2.0,1.0,1.0,0.5,0.0,1.0,1.0,1.0,1.0,4.0,2.0,1.0,Delibird,ice,flying
225,0.5,1.0,1.0,4.0,1.0,0.5,0.5,1.0,1.0,1.0,0.0,1.0,1.0,1.0,1.0,2.0,0.5,0.5,Mantine,water,flying
226,0.25,1.0,0.5,2.0,0.5,1.0,2.0,0.5,1.0,0.25,0.0,1.0,0.5,0.0,0.5,1.0,0.5,1.0,Skarmory,steel,flying
227,1.0,0.5,1.0,1.0,1.0,2.0,0.5,1.0,0.5,0.5,2.0,0.5,1.0,1.0,0.0,2.0,0.5,2.0,Houndour,dark,fire
228,1.0,0.5,1.0,1.0,1.0,2.0,0.5,1.0,0.5,0.5,2.0,0.5,1.0,1.0,0.0,2.0,0.5,2.0,Houndoom,dark,fire
229,1.0,1.0,2.0,1.0,2.0,1.0,0.25,1.0,1.0,1.0,1.0,1.0,1.0,1.0,1.0,1.0,0.5,0.25,Kingdra,water,dragon
230,1.0,1.0,1.0,0.0,1.0,1.0,1.0,1.0,1.0,2.0,1.0,2.0,1.0,0.5,1.0,0.5,1.0,2.0,Phanpy,ground,-
231,1.0,1.0,1.0,0.0,1.0,1.0,1.0,1.0,1.0,2.0,1.0,2.0,1.0,0.5,1.0,0.5,1.0,2.0,Donphan,ground,-
232,1.0,1.0,1.0,1.0,1.0,2.0,1.0,1.0,0.0,1.0,1.0,1.0,1.0,1.0,1.0,1.0,1.0,1.0,Porygon2,normal,-
233,1.0,1.0,1.0,1.0,1.0,2.0,1.0,1.0,0.0,1.0,1.0,1.0,1.0,1.0,1.0,1.0,1.0,1.0,Stantler,normal,-
234,1.0,1.0,1.0,1.0,1.0,2.0,1.0,1.0,0.0,1.0,1.0,1.0,1.0,1.0,1.0,1.0,1.0,1.0,Smeargle,normal,-
235,0.5,0.5,1.0,1.0,2.0,1.0,1.0,2.0,1.0,1.0,1.0,1.0,1.0,1.0,2.0,0.5,1.0,1.0,Tyrogue,fighting,-
236,0.5,0.5,1.0,1.0,2.0,1.0,1.0,2.0,1.0,1.0,1.0,1.0,1.0,1.0,2.0,0.5,1.0,1.0,Hitmontop,fighting,-
237,2.0,2.0,1.0,1.0,1.0,1.0,2.0,1.0,2.0,1.0,1.0,0.5,1.0,1.0,0.5,2.0,2.0,1.0,Smoochum,ice,psychic
238,1.0,1.0,1.0,0.5,1.0,1.0,1.0,0.5,1.0,1.0,2.0,1.0,1.0,1.0,1.0,1.0,0.5,1.0,Elekid,electric,-
239,0.5,1.0,1.0,1.0,0.5,1.0,0.5,1.0,1.0,0.5,2.0,0.5,1.0,1.0,1.0,2.0,0.5,2.0,Magby,fire,-
240,1.0,1.0,1.0,1.0,1.0,2.0,1.0,1.0,0.0,1.0,1.0,1.0,1.0,1.0,1.0,1.0,1.0,1.0,Miltank,normal,-
241,1.0,1.0,1.0,1.0,1.0,2.0,1.0,1.0,0.0,1.0,1.0,1.0,1.0,1.0,1.0,1.0,1.0,1.0,Blissey,normal,-
242,1.0,1.0,1.0,0.5,1.0,1.0,1.0,0.5,1.0,1.0,2.0,1.0,1.0,1.0,1.0,1.0,0.5,1.0,Raikou,electric,-
243,0.5,1.0,1.0,1.0,0.5,1.0,0.5,1.0,1.0,0.5,2.0,0.5,1.0,1.0,1.0,2.0,0.5,2.0,Entei,fire,-
244,1.0,1.0,1.0,2.0,1.0,1.0,0.5,1.0,1.0,2.0,1.0,0.5,1.0,1.0,1.0,1.0,0.5,0.5,Suicune,water,-
245,1.0,1.0,1.0,0.0,1.0,2.0,0.5,0.5,1.0,4.0,2.0,2.0,0.5,0.25,1.0,0.5,2.0,4.0,Larvitar,rock,ground
246,1.0,1.0,1.0,0.0,1.0,2.0,0.5,0.5,1.0,4.0,2.0,2.0,0.5,0.25,1.0,0.5,2.0,4.0,Pupitar,rock,ground
247,2.0,0.5,1.0,1.0,2.0,4.0,0.5,0.5,0.5,2.0,2.0,1.0,0.5,0.5,0.0,1.0,2.0,2.0,Tyranitar,rock,dark
248,1.0,2.0,1.0,2.0,1.0,0.25,1.0,1.0,2.0,0.5,0.0,2.0,1.0,1.0,0.5,2.0,1.0,1.0,Lugia,psychic,flying
249,0.25,1.0,1.0,2.0,0.5,0.5,0.5,1.0,1.0,0.25,0.0,1.0,1.0,1.0,1.0,4.0,0.5,2.0,Ho-Oh,fire,flying
250,4.0,2.0,1.0,0.5,1.0,0.5,2.0,2.0,2.0,0.5,0.5,2.0,1.0,2.0,0.5,1.0,1.0,0.5,Celebi,psychic,grass